,timestamp
0,2021-11-13T15:04:47Z
1,2021-12-04T04:18:13Z
2,2021-10-05T18:32:31Z
3,2021-11-28T04:18:17Z
4,2021-11-10T08:50:11Z
5,2020-04-01T12:01:22Z
6,2021-08-15T16:46:42Z
7,2021-08-26T16:39:41Z
8,2021-06-01T10:49:16Z
9,2020-11-27T20:09:06Z
10,2021-11-13T15:33:56Z
11,2021-11-13T15:31:05Z
12,2021-08-15T07:55:57Z
13,2018-12-12T13:29:46Z
14,2021-09-28T07:42:51Z
15,2021-05-13T05:44:13Z
16,2021-09-03T15:59:32Z
17,2018-12-02T08:43:09Z
22,2021-08-20T20:05:40Z
26,2021-01-16T17:12:54Z
34,2021-11-13T15:04:47Z
36,2021-09-13T22:50:33Z
38,2021-10-23T17:31:00Z
39,2021-09-25T06:19:34Z
40,2021-09-09T10:17:27Z
41,2021-10-01T12:16:56Z
42,2021-11-24T15:35:10Z
43,2021-08-23T16:17:40Z
44,2021-10-07T16:58:27Z
45,2021-11-10T17:46:10Z
46,2021-07-22T05:46:32Z
47,2021-08-26T07:31:02Z
48,2021-11-26T19:08:38Z
49,2021-11-28T22:44:23Z
50,2021-08-25T11:18:43Z
51,2021-10-29T13:17:57Z
52,2021-05-11T09:52:54Z
53,2021-01-18T10:14:00Z
54,2021-11-24T16:01:04Z
55,2021-04-30T07:26:24Z
56,2019-03-13T10:21:50Z
57,2021-09-26T09:00:00Z
58,2020-09-24T11:01:09Z
59,2021-10-16T23:55:28Z
60,2021-11-24T16:07:58Z
61,2021-11-01T17:31:57Z
62,2021-11-05T13:29:20Z
63,2021-11-18T11:25:14Z
64,2021-10-12T23:28:21Z
65,2021-11-30T22:33:34Z
66,2021-05-12T00:19:36Z
67,2021-10-20T05:55:13Z
68,2021-09-30T04:49:51Z
69,2021-08-19T02:09:38Z
70,2020-12-11T12:22:15Z
71,2021-11-15T19:42:29Z
72,2021-11-30T07:27:56Z
73,2020-02-04T19:41:48Z
74,2021-04-15T04:21:20Z
76,2021-03-04T17:48:13Z
77,2021-10-01T14:43:07Z
78,2021-09-29T23:19:02Z
79,2018-02-20T20:18:30Z
80,2021-09-28T07:13:23Z
81,2021-05-26T08:13:44Z
82,2021-01-17T23:09:37Z
83,2021-10-11T12:57:03Z
84,2021-09-25T06:21:56Z
85,2020-11-28T10:48:29Z
86,2021-08-11T15:23:34Z
87,2013-04-14T18:41:19Z
88,2021-12-01T15:02:25Z
90,2021-11-15T21:48:34Z
91,2021-01-17T19:26:03Z
92,2021-08-26T07:31:02Z
93,2021-09-07T08:18:38Z
94,2019-12-11T13:27:41Z
95,2021-10-25T19:07:47Z
96,2021-09-21T21:57:33Z
97,2020-12-16T07:33:57Z
98,2021-07-10T14:13:07Z
99,2021-09-28T23:28:06Z
100,2021-04-10T20:18:24Z
101,2021-10-19T05:53:18Z
102,2021-11-29T12:13:22Z
103,2021-03-10T10:38:02Z
104,2021-10-28T12:38:34Z
107,2021-09-04T05:45:38Z
109,2021-11-07T09:09:02Z
110,2020-12-30T22:56:00Z
111,2021-11-29T22:02:50Z
112,2021-11-15T15:44:26Z
113,2021-10-01T12:21:53Z
115,2016-06-20T05:51:11Z
116,2021-08-18T01:09:51Z
118,2021-10-31T09:06:45Z
119,2021-11-27T15:40:37Z
120,2021-07-24T18:40:31Z
121,2021-10-06T21:55:49Z
122,2021-12-04T19:16:19Z
123,2021-06-07T13:27:00Z
124,2021-10-21T07:57:45Z
125,2021-01-17T17:45:52Z
126,2021-08-26T15:26:08Z
127,2021-06-25T15:57:09Z
128,2021-08-18T04:51:39Z
129,2021-11-22T15:43:30Z
130,2021-08-28T19:55:52Z
131,2021-10-10T10:47:19Z
132,2021-10-30T04:14:31Z
133,2021-11-09T02:19:14Z
134,2021-08-16T14:35:33Z
135,2021-11-02T22:01:35Z
136,2021-10-20T10:48:28Z
137,2021-09-17T12:43:27Z
138,2021-11-29T14:54:10Z
139,2021-07-12T17:36:37Z
140,2021-09-10T12:52:23Z
141,2021-11-17T20:13:00Z
142,2021-09-30T08:30:09Z
143,2020-12-31T09:41:46Z
144,2021-09-30T04:49:51Z
145,2021-01-30T09:49:07Z
146,2020-03-25T12:19:13Z
147,2019-05-21T11:07:53Z
148,2021-05-25T04:13:54Z
150,2021-11-22T19:03:50Z
151,2021-10-14T18:19:54Z
152,2021-08-30T17:37:17Z
153,2021-10-08T19:33:43Z
154,2021-05-12T00:19:36Z
166,2021-02-09T00:14:01Z
167,2021-05-28T19:23:58Z
168,2021-11-23T16:10:58Z
169,2014-07-13T09:19:07Z
170,2021-10-20T23:42:25Z
171,2021-11-23T16:10:58Z
172,2021-03-16T19:26:52Z
173,2021-11-05T02:31:36Z
174,2021-11-07T23:46:21Z
175,2021-11-23T14:13:04Z
176,2021-11-30T17:26:31Z
177,2021-11-09T02:21:24Z
178,2021-10-23T17:33:56Z
179,2019-09-03T18:38:08Z
180,2014-11-24T19:43:25Z
181,2021-06-01T19:12:52Z
182,2018-05-14T03:41:09Z
189,2020-12-31T18:36:49Z
190,2021-06-27T19:05:45Z
191,2020-11-23T20:25:45Z
192,2021-10-25T07:35:07Z
193,2021-07-06T10:14:26Z
194,2013-10-18T22:29:53Z
195,2021-05-29T03:09:27Z
196,2021-02-10T09:10:07Z
197,2020-04-01T11:52:29Z
198,2021-09-27T04:56:39Z
199,2020-04-01T11:50:42Z
